code,family,description,width_mm,height_mm,price_meter_iva,price_varilla_iva
96179IMP,BARROTES,3MM,3.0,3.0,97.8469,269.0789
96179PN,BARROTES,3MM,3.0,3.0,91.1387,250.6315
96180IMP,BARROTES,4MM,4.0,4.0,99.751,274.3152
96180PN,BARROTES,4MM,4.0,4.0,91.6633,252.074
96181IMP,BARROTES,5MM,5.0,5.0,102.1992,281.0477
96181PN,BARROTES,5MM,5.0,5.0,92.3377,253.9287
96182IMP,BARROTES,6MM,6.0,6.0,105.1914,289.2763
96182PN,BARROTES,6MM,6.0,6.0,93.162,256.1956
96183IMP,BARROTES,7MM,7.0,7.0,108.7276,299.001
96183PN,BARROTES,7MM,7.0,7.0,94.1362,258.8746
96184IMP,BARROTES,8MM,8.0,8.0,112.8079,310.2218
96184PN,BARROTES,8MM,8.0,8.0,95.2603,261.9658
96185IMP,BARROTES,9MM,9.0,9.0,117.4323,322.9387
96185PN,BARROTES,9MM,9.0,9.0,96.5342,265.4692
96186IMP,BARROTES,10MM,10.0,10.0,122.6006,337.1517
96186PN,BARROTES,10MM,10.0,10.0,97.9581,269.3847
96187IMP,BARROTES,11MM,11.0,11.0,128.313,352.8609
96187PN,BARROTES,11MM,11.0,11.0,99.5318,273.7123
96188IMP,BARROTES,13MM,13.0,13.0,141.37,388.7674
96188PN,BARROTES,13MM,13.0,13.0,103.1288,283.6041
96189IMP,BARROTES,15MM,15.0,15.0,156.6031,430.6584
96189PN,BARROTES,15MM,15.0,15.0,107.3253,295.1446
96190IMP,BARROTES,18MM,18.0,18.0,183.533,504.7157
96190PN,BARROTES,18MM,18.0,18.0,114.7441,315.5464
96193IMP,BARROTES,24MM,24.0,24.0,252.0819,693.2252
96193PN,BARROTES,24MM,24.0,24.0,133.6285,367.4784
96194IMP,BARROTES,30MM,30.0,30.0,340.2162,935.5945
96194PN,BARROTES,30MM,30.0,30.0,157.9084,434.248
96195IMP,BARROTES,33MM,33.0,33.0,391.6279,1076.9766
96195PN,BARROTES,33MM,33.0,33.0,172.0716,473.197
96196IMP,BARROTES,38MM,38.0,38.0,488.1948,1342.5356
96196PN,BARROTES,38MM,38.0,38.0,198.6746,546.3551
96197IMP,BARROTES,45MM,45.0,45.0,646.2381,1777.1547
96197PN,BARROTES,45MM,45.0,45.0,242.2135,666.0871
96014IMP,CONTRAMARCOS,6x22,6.0,22.0,111.7453,307.2995
96014NAC,CONTRAMARCOS,6x22,6.0,22.0,83.1955,228.7876
96015IMP,CONTRAMARCOS,6x33,6.0,33.0,131.8653,362.6297
96015NAC,CONTRAMARCOS,6x33,6.0,33.0,89.0406,244.8618
96016IMP,CONTRAMARCOS,6x45,6.0,45.0,153.8145,422.9899
96016NAC,CONTRAMARCOS,6x45,6.0,45.0,95.4172,262.3972
96017IMP,CONTRAMARCOS,10x33,10.0,33.0,172.1055,473.29
96017NAC,CONTRAMARCOS,10x33,10.0,33.0,100.7309,277.0101
96018IMP,CONTRAMARCOS,10x45,10.0,45.0,208.6874,573.8903
96018NAC,CONTRAMARCOS,10x45,10.0,45.0,111.3585,306.2359
96019IMP,CONTRAMARCOS,10x65,10.0,65.0,269.6573,741.5575
96019NAC,CONTRAMARCOS,10x65,10.0,65.0,129.0711,354.9455
96029IMP,CONTRAVIDRIOS,N°1 10x10MM,10.0,10.0,101.9901,280.4728
96029NAC,CONTRAVIDRIOS,N°1 10x10MM,10.0,10.0,80.3615,220.994
96030IMP,CONTRAVIDRIOS,N°2 10x15MM,10.0,15.0,117.2326,322.3896
96030NAC,CONTRAVIDRIOS,N°2 10x15MM,10.0,15.0,84.7896,233.1714
96031IMP,CONTRAVIDRIOS,N°31 10x18MM,10.0,18.0,126.3781,347.5397
96031NAC,CONTRAVIDRIOS,N°31 10x18MM,10.0,18.0,87.4465,240.4779
96032IMP,CONTRAVIDRIOS,N°113 10x10,10.0,10.0,101.9901,280.4728
96032NAC,CONTRAVIDRIOS,N°113 10x10,10.0,10.0,80.3615,220.994
96033IMP,CONTRAVIDRIOS,N°137 10x10,10.0,10.0,101.9901,280.4728
96033NAC,CONTRAVIDRIOS,N°137 10x10,10.0,10.0,80.3615,220.994
96034IMP,CONTRAVIDRIOS,N°180 12x18,12.0,18.0,137.3526,377.7198
96034NAC,CONTRAVIDRIOS,N°180 12x18,12.0,18.0,90.6348,249.2456
96035IMP,CONTRAVIDRIOS,N°299 10x10MM,10.0,10.0,101.9901,280.4728
96035NAC,CONTRAVIDRIOS,N°299 10x10MM,10.0,10.0,80.3615,220.994
96036IMP,CONTRAVIDRIOS,N°410 12X18MM,12.0,18.0,137.3526,377.7198
96036NAC,CONTRAVIDRIOS,N°410 12X18MM,12.0,18.0,90.6348,249.2456
96037IMP,CONTRAVIDRIOS,N°411 12X22MM,12.0,22.0,151.9854,417.9599
96037NAC,CONTRAVIDRIOS,N°411 12X22MM,12.0,22.0,94.8858,260.9359
96038IMP,CONTRAVIDRIOS,N°412 12X25MM,12.0,25.0,162.96,448.14
96038NAC,CONTRAVIDRIOS,N°412 12X25MM,12.0,25.0,98.0741,269.7037
96048IMP,CONTRAVIDRIOS,CORREDERA N°2-7,24.0,24.0,247.0984,679.5206
96048NAC,CONTRAVIDRIOS,CORREDERA N°2-7,24.0,24.0,122.5174,336.923
96386IMP,CORNIZAS,N°59,22.0,35.0,306.2392,842.1578
96386NAC,CORNIZAS,N°59,22.0,35.0,139.6987,384.1713
96387IMP,CORNIZAS,N°146,22.0,60.0,473.9064,1303.2425
96387NAC,CORNIZAS,N°146,22.0,60.0,188.4083,518.1228
96388IMP,CORNIZAS,N°147,15.0,70.0,391.597,1076.8918
96388NAC,CORNIZAS,N°147,15.0,70.0,164.4963,452.3648
96389IMP,CORNIZAS,N°237,15.0,70.0,391.597,1076.8918
96389NAC,CORNIZAS,N°237,15.0,70.0,164.4963,452.3648
96399IMP,GUARDAPOLVOS,N°112,33.0,45.0,524.2065,1441.5679
96399NAC,GUARDAPOLVOS,N°112,33.0,45.0,203.0212,558.3082
96400IMP,GUARDAPOLVOS,N°150,45.0,60.0,894.5985,2460.1459
96400NAC,GUARDAPOLVOS,N°150,45.0,60.0,310.6252,854.2192
96115IMP,LISTONES,5X5MM,5.0,5.0,47.0883,129.4927
96115NAC,LISTONES,5X5MM,5.0,5.0,39.9572,109.8822
96116IMP,LISTONES,5X10MM,5.0,10.0,55.5302,152.7082
96116NAC,LISTONES,5X10MM,5.0,10.0,42.3415,116.4392
96117IMP,LISTONES,5X15MM,5.0,15.0,63.9722,175.9236
96117NAC,LISTONES,5X15MM,5.0,15.0,44.7259,122.9963
96118IMP,LISTONES,5X18MM,5.0,18.0,69.0374,189.8529
96118NAC,LISTONES,5X18MM,5.0,18.0,46.1566,126.9305
96119IMP,LISTONES,5X22MM,5.0,22.0,75.791,208.4252
96119NAC,LISTONES,5X22MM,5.0,22.0,48.0641,132.1762
96120IMP,LISTONES,5X24MM,5.0,24.0,79.1678,217.7114
96120NAC,LISTONES,5X24MM,5.0,24.0,49.0178,134.799
96121IMP,LISTONES,5X33MM,5.0,33.0,94.3634,259.4992
96121NAC,LISTONES,5X33MM,5.0,33.0,53.3097,146.6017
96122IMP,LISTONES,5X45MM,5.0,45.0,114.6241,315.2163
96122NAC,LISTONES,5X45MM,5.0,45.0,59.0323,162.3387
96123IMP,LISTONES,5X50MM,5.0,50.0,123.0661,338.4318
96123NAC,LISTONES,5X50MM,5.0,50.0,61.4166,168.8958
96124IMP,LISTONES,5X60MM,5.0,60.0,139.9501,384.8627
96124NAC,LISTONES,5X60MM,5.0,60.0,66.1854,182.0099
96125IMP,LISTONES,5X70MM,5.0,70.0,156.834,431.2936
96125NAC,LISTONES,5X70MM,5.0,70.0,70.9542,195.124
96126IMP,LISTONES,5X80MM,5.0,80.0,173.718,477.7245
96126NAC,LISTONES,5X80MM,5.0,80.0,75.723,208.2382
96127IMP,LISTONES,5X90MM,5.0,90.0,190.602,524.1554
96127NAC,LISTONES,5X90MM,5.0,90.0,80.4917,221.3523
96128IMP,LISTONES,5X100MM,5.0,100.0,207.4859,570.5863
96128NAC,LISTONES,5X100MM,5.0,100.0,85.2605,234.4664
96129IMP,LISTONES,10X10MM,10.0,10.0,72.4142,199.1391
96129NAC,LISTONES,10X10MM,10.0,10.0,47.1103,129.5534
96130IMP,LISTONES,10X15MM,10.0,15.0,89.2982,245.57
96130NAC,LISTONES,10X15MM,10.0,15.0,51.8791,142.6675
96131IMP,LISTONES,10X18MM,10.0,18.0,99.4285,273.4285
96131NAC,LISTONES,10X18MM,10.0,18.0,54.7404,150.536
96132IMP,LISTONES,10X22MM,10.0,22.0,112.9357,310.5732
96132NAC,LISTONES,10X22MM,10.0,22.0,58.5554,161.0273
96133IMP,LISTONES,10X24MM,10.0,24.0,119.6893,329.1456
96133NAC,LISTONES,10X24MM,10.0,24.0,60.4629,166.2729
96134IMP,LISTONES,10X33MM,10.0,33.0,150.0804,412.7212
96134NAC,LISTONES,10X33MM,10.0,33.0,69.0467,189.8784
96135IMP,LISTONES,10X45MM,10.0,45.0,190.602,524.1554
96135NAC,LISTONES,10X45MM,10.0,45.0,80.4917,221.3523
96136IMP,LISTONES,10X50MM,10.0,50.0,207.4859,570.5863
96136NAC,LISTONES,10X50MM,10.0,50.0,85.2605,234.4664
96137IMP,LISTONES,10X70MM,10.0,70.0,275.0218,756.3099
96137NAC,LISTONES,10X70MM,10.0,70.0,104.3356,286.9229
96137IMP,LISTONES,10X70MM,10.0,70.0,275.0218,756.3099
96137NAC,LISTONES,10X70MM,10.0,70.0,104.3356,286.9229
96179IMPF,BARROTES,3MM FRACC,3.0,3.0,97.8469,269.0789
96139IMP,LISTONES,10X80MM,10.0,80.0,308.7897,849.1717
96180PNF,BARROTES,3MM FRACCIONADO,3.0,3.0,91.1387,250.6315
96139NAC,LISTONES,10X80MM,10.0,80.0,113.8732,313.1512
96180IMPF,BARROTES,4MM FRACCIONADO,4.0,4.0,99.751,274.3152
96140IMP,LISTONES,10X95MM,10.0,95.0,359.4416,988.4645
96180PNF,BARROTES,4MM FRACCIONADO,4.0,4.0,91.1387,250.6315
96140NAC,LISTONES,10X95MM,10.0,95.0,128.1795,352.4936
96181PNF,BARROTES,5MM FRACCIONADO,5.0,5.0,92.3377,253.9287
96141IMP,LISTONES,10X100MM,10.0,100.0,376.3256,1034.8954
96181PNF,BARROTES,5MM FRACCIONADO,5.0,5.0,92.3377,253.9287
96141NAC,LISTONES,10X100MM,10.0,100.0,132.9483,365.6077
96182IMPF,BARROTES,6MM FRACCIONADO,6.0,6.0,105.1914,289.2763
96142IMP,LISTONES,15X15MM,15.0,15.0,114.6241,315.2163
96182PNF,BARROTES,6MM FRACCIONADO,6.0,6.0,93.162,256.1956
96142NAC,LISTONES,15X15MM,15.0,15.0,59.0323,162.3387
96183IMPF,BARROTES,7MM FRACCIONADO,7.0,7.0,108.7276,299.001
96143IMP,LISTONES,15X22MM,15.0,22.0,150.0804,412.7212
96183PNF,BARROTES,7MM FRACCIONADO,7.0,7.0,94.1362,258.8746
96143NAC,LISTONES,15X22MM,15.0,22.0,69.0467,189.8784
96184IMPF,BARROTES,8MM FRACCIONADO,8.0,8.0,112.8079,310.2218
96144IMP,LISTONES,15X33MM,15.0,33.0,205.7975,565.9432
96184PNF,BARROTES,8MM FRACCIONADO,8.0,8.0,95.2603,261.9658
96144NAC,LISTONES,15X33MM,15.0,33.0,84.7836,233.155
96185IMPF,BARROTES,9MM FRACCIONADO,9.0,9.0,117.4323,322.9387
96145IMP,LISTONES,15X45MM,15.0,45.0,266.5798,733.0945
96185PNF,BARROTES,9MM FRACCIONADO,9.0,9.0,96.5342,265.4692
96145NAC,LISTONES,15X45MM,15.0,45.0,101.9512,280.3659
96186IMPF,BARROTES,10MM FRACCIONADO,10.0,10.0,122.6006,337.1517
96146IMP,LISTONES,15X50MM,15.0,50.0,291.9058,802.7408
96186PNF,BARROTES,10MM FRACCIONADO,10.0,10.0,97.9581,269.3847
96146NAC,LISTONES,15X50MM,15.0,50.0,109.1044,300.0371
96187IMPF,BARROTES,11MM FRACCIONADO,11.0,11.0,128.313,352.8609
96147IMP,LISTONES,15X60MM,15.0,60.0,342.5577,942.0336
96187PNF,BARROTES,11MM FRACCIONADO,11.0,11.0,99.5318,273.7123
96147NAC,LISTONES,15X60MM,15.0,60.0,123.4107,339.3795
96188IMPF,BARROTES,13MM FRACCIONADO,13.0,13.0,141.37,388.7674
96148IMP,LISTONES,15X70MM,15.0,70.0,393.2096,1081.3263
96188PNF,BARROTES,13MM FRACCIONADO,13.0,13.0,103.1288,283.6041
96148NAC,LISTONES,15X70MM,15.0,70.0,137.717,378.7219
96189IMPF,BARROTES,15MM FRACCIONADO,15.0,15.0,156.6031,430.6584
96149IMP,LISTONES,15X80MM,15.0,80.0,443.8615,1220.619
96189PNF,BARROTES,15MM FRACCIONADO,15.0,15.0,107.3253,295.1446
96149NAC,LISTONES,15X80MM,15.0,80.0,152.0234,418.0642
96190IMPF,BARROTES,18MM FRACCIONADO,18.0,18.0,183.533,504.7157
96150IMP,LISTONES,15X95MM,15.0,95.0,519.8393,1429.5581
96190PNF,BARROTES,18MM FRACCIONADO,18.0,18.0,114.7441,315.5464
96150NAC,LISTONES,15X95MM,15.0,95.0,173.4829,477.0778
96193IMPF,BARROTES,24MM FRACCIONADO,24.0,24.0,252.0819,693.2252
96151IMP,LISTONES,15X100MM,15.0,100.0,545.1652,1499.2044
96193PNF,BARROTES,24MM FRACCIONADO,24.0,24.0,133.6285,367.4784
96151NAC,LISTONES,15X100MM,15.0,100.0,180.636,496.749
96194IMPF,BARROTES,30MM FRACCIONADO,30.0,30.0,340.2162,935.5945
96152IMP,LISTONES,22X22MM,22.0,22.0,202.0831,555.7284
96194PNF,BARROTES,30MM FRACCIONADO,30.0,30.0,157.9084,434.248
96152NAC,LISTONES,22X22MM,22.0,22.0,83.7345,230.2699
96195IMPF,BARROTES,33MM FRACCIONADO,33.0,33.0,391.6279,1076.9766
96153IMP,LISTONES,22X33MM,22.0,33.0,283.8015,780.454
96195PNF,BARROTES,33MM FRACCIONADO,33.0,33.0,172.0716,473.197
96153NAC,LISTONES,22X33MM,22.0,33.0,106.8154,293.7423
96196IMPF,BARROTES,38MM FRACCIONADO,38.0,38.0,488.1948,1342.5356
96154IMP,LISTONES,22X35MM,22.0,35.0,298.6593,821.3132
96196PNF,BARROTES,38MM FRACCIONADO,38.0,38.0,198.6746,546.3551
96154NAC,LISTONES,22X35MM,22.0,35.0,111.0119,305.2827
96197IMPF,BARROTES,45MM FRACCIONADO,45.0,45.0,646.2381,1777.1547
96155IMP,LISTONES,24X45MM,24.0,45.0,403.3399,1109.1848
96197PNF,BARROTES,45MM FRACCIONADO,45.0,45.0,242.2135,666.0871
96155NAC,LISTONES,24X45MM,24.0,45.0,140.5783,386.5903
96156IMP,LISTONES,22X45MM,22.0,45.0,372.9488,1025.6092
96156NAC,LISTONES,22X45MM,22.0,45.0,131.9945,362.9849
96157IMP,LISTONES,22X50MM,22.0,50.0,410.0935,1127.7572
96157NAC,LISTONES,22X50MM,22.0,50.0,142.4858,391.836
96158IMP,LISTONES,22X60MM,22.0,60.0,484.383,1332.0532
96158NAC,LISTONES,22X60MM,22.0,60.0,163.4684,449.5382
96159IMP,LISTONES,22X70MM,22.0,70.0,558.6724,1536.3492
96159NAC,LISTONES,22X70MM,22.0,70.0,184.451,507.2403
96160IMP,LISTONES,22X80MM,22.0,80.0,632.9619,1740.6451
96160NAC,LISTONES,22X80MM,22.0,80.0,205.4336,564.9425
96161IMP,LISTONES,22X95MM,22.0,95.0,744.396,2047.0891
96161NAC,LISTONES,22X95MM,22.0,95.0,236.9076,651.4958
96162IMP,LISTONES,22X100MM,22.0,100.0,781.5408,2149.2371
96162NAC,LISTONES,22X100MM,22.0,100.0,247.3989,680.3469
96163IMP,LISTONES,33X33MM,33.0,33.0,406.379,1117.5424
96163NAC,LISTONES,33X33MM,33.0,33.0,141.4367,388.9509
96164IMP,LISTONES,33X45MM,33.0,45.0,540.1001,1485.2752
96164NAC,LISTONES,33X45MM,33.0,45.0,179.2054,492.8148
96165IMP,LISTONES,33X70MM,33.0,70.0,818.6855,2251.3851
96165NAC,LISTONES,33X70MM,33.0,70.0,257.8902,709.198
96166IMP,LISTONES,33X100MM,33.0,100.0,1152.988,3170.717
96166NAC,LISTONES,33X100MM,33.0,100.0,352.3119,968.8578
96167IMP,LISTONES,45X45MM,45.0,45.0,722.4469,1986.7289
96167NAC,LISTONES,45X45MM,45.0,45.0,230.7081,634.4474
96168IMP,LISTONES,45X70MM,45.0,70.0,1102.3361,3031.4243
96168NAC,LISTONES,45X70MM,45.0,70.0,338.0056,929.5154
96169IMP,LISTONES,45X100MM,45.0,100.0,1558.2032,4285.0588
96169NAC,LISTONES,45X100MM,45.0,100.0,466.7625,1283.5969
96327IMPM,MEDIA CAÑA,N°4,5.0,10.0,86.7476,238.556
96327NACM,MEDIA CAÑA,N°4,5.0,10.0,75.9333,208.8166
96328IMPM,MEDIA CAÑA,N°11,5.0,15.0,94.3689,259.5144
96328NACM,MEDIA CAÑA,N°11,5.0,15.0,78.1474,214.9053
96329IMPM,MEDIA CAÑA,N°12,5.0,15.0,94.3689,259.5144
96329NACM,MEDIA CAÑA,N°12,5.0,15.0,78.1474,214.9053
96330IMPM,MEDIA CAÑA,N°13,18.0,22.0,192.2255,528.6202
96330NACM,MEDIA CAÑA,N°13,18.0,22.0,106.5761,293.0843
96331IMPM,MEDIA CAÑA,N°17,33.0,33.0,403.4861,1109.5869
96331NACM,MEDIA CAÑA,N°17,33.0,33.0,167.9502,461.8632
96332IMPM,MEDIA CAÑA,N°28,5.0,20.0,101.9901,280.4728
96332NACM,MEDIA CAÑA,N°28,5.0,20.0,80.3615,220.994
96334IMPM,MEDIA CAÑA,N°30,11.0,26.0,158.6921,436.4033
96334NACM,MEDIA CAÑA,N°30,11.0,26.0,96.8342,266.294
96335IMPM,MEDIA CAÑA,N°32,5.0,15.0,94.3689,259.5144
96335NACM,MEDIA CAÑA,N°32,5.0,15.0,78.1474,214.9053
96336IMPM,MEDIA CAÑA,N°33,10.0,22.0,138.572,381.0731
96336NACM,MEDIA CAÑA,N°33,10.0,22.0,90.989,250.2198
96337IMPM,MEDIA CAÑA,N°34,10.0,33.0,172.1055,473.29
96336NACM,MEDIA CAÑA,N°34,10.0,33.0,90.989,250.2198
96337IMPM,MEDIA CAÑA,N°35,10.0,28.0,172.1055,473.29
96336NACM,MEDIA CAÑA,N°35,10.0,28.0,90.989,250.2198
96337IMPM,MEDIA CAÑA,N°36,35.0,6.0,172.1055,473.29
96337NACM,MEDIA CAÑA,N°36,35.0,6.0,90.1034,247.7843
96338IMPM,MEDIA CAÑA,N°38,33.0,43.0,504.0864,1386.2377
96338NACM,MEDIA CAÑA,N°38,33.0,43.0,197.176,542.234
96339IMPM,MEDIA CAÑA,N°39,28.0,29.0,319.0429,877.3679
96339NACM,MEDIA CAÑA,N°39,28.0,29.0,143.4183,394.4003
96440IMPM,MEDIA CAÑA,N°48,10.0,10.0,101.9901,280.4728
96440NACM,MEDIA CAÑA,N°48,10.0,10.0,80.3615,220.994
96341IMPM,MEDIA CAÑA,N°50,15.0,15.0,140.0963,385.2648
96341NACM,MEDIA CAÑA,N°50,15.0,15.0,91.4318,251.4376
96342IMPM,MEDIA CAÑA,N°101,22.0,22.0,219.0523,602.3937
96342NACM,MEDIA CAÑA,N°101,22.0,22.0,114.3696,314.5165
96343IMPM,MEDIA CAÑA,N°101A,15.0,15.0,140.0963,385.2648
96343NACM,MEDIA CAÑA,N°101A,15.0,15.0,91.4318,251.4376
96344IMPM,MEDIA CAÑA,N°113,10.0,10.0,101.9901,280.4728
96344NACM,MEDIA CAÑA,N°113,10.0,10.0,80.3615,220.994
96345IMPM,MEDIA CAÑA,N°229,22.0,25.0,239.1723,657.7239
96345NACM,MEDIA CAÑA,N°229,22.0,25.0,120.2148,330.5907
96346IMPM,MEDIA CAÑA,N°4,10.0,10.0,101.9901,280.4728
96346NACM,MEDIA CAÑA,N°4,10.0,10.0,80.3615,220.994
96347IMPM,MEDIA CAÑA,N°7-6,15.0,15.0,140.0963,385.2648
96347NACM,MEDIA CAÑA,N°7-6,15.0,15.0,91.4318,251.4376
96348IMPM,MEDIA CAÑA,TER.ESPECIAL,22.0,35.0,306.2392,842.1578
96348NACMM,MEDIA CAÑA,TER.ESPECIAL,22.0,35.0,139.6987,384.1713
96433IMPC,MOLDURA PARA CUADRO,N°26,10.0,22.0,138.572,381.0731
96434IMPC,MOLDURA PARA CUADRO,N°27,10.0,15.0,117.2326,322.3896
96435IMPC,MOLDURA PARA CUADRO,N°45,15.0,15.0,140.0963,385.2648
96437IMPC,MOLDURA PARA CUADRO,N°53,15.0,20.0,162.96,448.14
96437IMPC,MOLDURA PARA CUADRO,N°54,36.0,19.0,162.96,448.14
96438IMPC,MOLDURA PARA CUADRO,N°57,5.0,10.0,86.7476,238.556
96439IMPC,MOLDURA PARA CUADRO,N°58,5.0,10.0,86.7476,238.556
96439IMPC,MOLDURA PARA CUADRO,N°60,10.0,35.0,86.7476,238.556
96440IMPC,MOLDURA PARA CUADRO,N°61,15.0,22.0,172.1055,473.29
96441IMPC,MOLDURA PARA CUADRO,N°62,20.0,30.0,254.4148,699.6407
96441IMPC,MOLDURA PARA CUADRO,N°62,20.0,30.0,254.4148,699.6407
96444IMPC,MOLDURA PARA CUADRO,N°64,22.0,22.0,219.0523,602.3937
96445IMPC,MOLDURA PARA CUADRO,N°67,30.0,45.0,483.0518,1328.3926
96446IMPC,MOLDURA PARA CUADRO,N°72,10.0,22.0,138.572,381.0731
96447IMPC,MOLDURA PARA CUADRO,N°81,15.0,15.0,140.0963,385.2648
96448IMPC,MOLDURA PARA CUADRO,N°95,10.0,15.0,117.2326,322.3896
96449IMPC,MOLDURA PARA CUADRO,N°96,10.0,15.0,117.2326,322.3896
96450IMPC,MOLDURA PARA CUADRO,N°97,10.0,22.0,138.572,381.0731
96451IMPC,MOLDURA PARA CUADRO,N°107,10.0,22.0,138.572,381.0731
96452IMPC,MOLDURA PARA CUADRO,N°118,10.0,55.0,239.1723,657.7239
96453IMPC,MOLDURA PARA CUADRO,N°119,29.0,9.0,151.0709,415.4449
96454IMPC,MOLDURA PARA CUADRO,N°124,10.0,10.0,101.9901,280.4728
96455IMPC,MOLDURA PARA CUADRO,N°131,15.0,20.0,162.96,448.14
96456IMPC,MOLDURA PARA CUADRO,N°133,25.0,25.0,262.036,720.5991
96457IMPC,MOLDURA PARA CUADRO,N°134,22.0,33.0,292.8258,805.271
96458IMPC,MOLDURA PARA CUADRO,N°141,33.0,50.0,574.5067,1579.8933
96459IMPC,MOLDURA PARA CUADRO,N°167,10.0,10.0,101.9901,280.4728
96460IMPC,MOLDURA PARA CUADRO,N°203,33.0,45.0,524.2065,1441.5679
96461IMPC,MOLDURA PARA CUADRO,N°213,5.0,5.0,79.1264,217.5976
96462IMPC,MOLDURA PARA CUADRO,N°213A,5.0,10.0,86.7476,238.556
96463IMPC,MOLDURA PARA CUADRO,N°224,22.0,22.0,219.0523,602.3937
96464IMPC,MOLDURA PARA CUADRO,N°232,22.0,30.0,272.7058,749.9408
96465IMPC,MOLDURA PARA CUADRO,N°234,15.0,10.0,117.2326,322.3896
96466IMPC,MOLDURA PARA CUADRO,N°235,15.0,35.0,231.5511,636.7655
96467IMPC,MOLDURA PARA CUADRO,N°238,10.0,45.0,208.6874,573.8903
96468IMPC,MOLDURA PARA CUADRO,N°Z-1,15.0,22.0,172.1055,473.29
96469IMPC,MOLDURA PARA CUADRO,N°Z-1 ESPECIAL,15.0,22.0,172.1055,473.29
96410IMP,PASAMANOS,N°45,35.0,45.0,551.6429,1517.0181
96410NAC,PASAMANOS,N°45,35.0,45.0,210.9918,580.2276
96411IMP,PASAMANOS,N°65,25.0,45.0,414.4607,1139.767
96411NAC,PASAMANOS,N°65,25.0,45.0,171.1385,470.6309
96415IMP,PASAMANOS,ESPECIAL A,40.0,60.0,803.1437,2208.6451
96415NAC,PASAMANOS,ESPECIAL A,40.0,60.0,284.0563,781.1548
96416IMP,PASAMANOS,ESPECIAL B,50.0,55.0,909.841,2502.0627
96416NAC,PASAMANOS,ESPECIAL B,50.0,55.0,315.0533,866.3966
96000IMP,ZÓCALOS,15x35,15.0,35.0,231.5511,636.7655
96000NAC,ZÓCALOS,15x35,15.0,35.0,118.0007,324.502
96001IMP,ZÓCALOS,15x40,15.0,40.0,254.4148,699.6407
96001NAC,ZÓCALOS,15x40,15.0,40.0,124.6429,342.7681
96002IMP,ZÓCALOS,15x45,15.0,45.0,277.2785,762.5159
96002NAC,ZÓCALOS,15x45,15.0,45.0,131.2852,361.0342
96003IMP,ZÓCALOS,22x45,22.0,45.0,373.3061,1026.5917
96003NAC,ZÓCALOS,22x45,22.0,45.0,159.1825,437.7519
96004IMP,ZÓCALOS,22x70,22.0,70.0,540.9732,1487.6764
96004NAC,ZÓCALOS,22x70,22.0,70.0,207.8921,571.7034
96059IMP,CELOSIAS & MONTANTE,23X10,23.0,10.0,312.0,1030.0
96059NAC,CELOSIAS & MONTANTE,23X10,23.0,10.0,184.0,607.0
96060IMP,CELOSIAS & MONTANTE,23X30,23.0,30.0,336.0,1109.0
96060NAC,CELOSIAS & MONTANTE,23X30,23.0,30.0,194.0,640.0
96061IMP,CELOSIAS & MONTANTE,23X45,23.0,45.0,356.0,1175.0
96061NAC,CELOSIAS & MONTANTE,23X45,23.0,45.0,196.0,647.0
96062IMP,CELOSIAS & MONTANTE,23X60,23.0,60.0,466.0,1538.0
96062NAC,CELOSIAS & MONTANTE,23X60,23.0,60.0,254.0,838.0
96063IMP,CELOSIAS & MONTANTE,35X10,35.0,10.0,194.0,640.0
96063NAC,CELOSIAS & MONTANTE,35X10,35.0,10.0,129.0,426.0
96064IMP,CELOSIAS & MONTANTE,35X45,35.0,45.0,551.0,1818.0
96064NAC,CELOSIAS & MONTANTE,35X45,35.0,45.0,298.0,983.0
96065IMP,CELOSIAS & MONTANTE,35X60,35.0,60.0,788.0,2600.0
96065NAC,CELOSIAS & MONTANTE,35X60,35.0,60.0,406.0,1340.0
96066IMP,CELOSIAS & MONTANTE,45X10,45.0,10.0,229.0,756.0
96066NAC,CELOSIAS & MONTANTE,45X10,45.0,10.0,140.0,462.0
96076IMP,CELOSIAS & TABLILLA,6X30MM,6.0,30.0,85.0,281.0
96076NAC,CELOSIAS & TABLILLA,6X30MM,6.0,30.0,54.0,178.0
96077IMP,CELOSIAS & TABLILLA,8X42MM,8.0,42.0,128.0,422.0
96077NAC,CELOSIAS & TABLILLA,8X42MM,8.0,42.0,72.0,238.0
96078IMP,CELOSIAS & TABLILLA,10X44MM,10.0,44.0,136.0,449.0
96078NAC,CELOSIAS & TABLILLA,10X44MM,10.0,44.0,76.0,251.0
96079IMP,CELOSIAS & TABLILLA,12X46MM,12.0,46.0,154.0,508.0
96079NAC,CELOSIAS & TABLILLA,12X46MM,12.0,46.0,85.0,281.0
96227IMP,TABLAS CEPILLADAS,"1/2""X10CM",11.25,100.0,418.5355,1150.9726
96227NAC,TABLAS CEPILLADAS,"1/2""X10CM",11.25,100.0,144.8702,398.3931
96230IMP,TABLAS CEPILLADAS,"1/2""X15CM",11.25,150.0,608.4801,1673.3203
96230NAC,TABLAS CEPILLADAS,"1/2""X15CM",11.25,150.0,198.5189,545.927
96231IMP,TABLAS CEPILLADAS,"1/2""X20CM",11.25,200.0,798.4247,2195.668
96231NAC,TABLAS CEPILLADAS,"1/2""X20CM",11.25,200.0,252.1676,693.461
96232IMP,TABLAS CEPILLADAS,"1/2""X25CM",11.25,250.0,988.3693,2718.0157
96232NAC,TABLAS CEPILLADAS,"1/2""X25CM",11.25,250.0,305.8164,840.995
96233IMP,TABLAS CEPILLADAS,"1/2""X30CM",11.25,300.0,1178.314,3240.3634
96233NAC,TABLAS CEPILLADAS,"1/2""X30CM",11.25,300.0,359.4651,988.529
96234IMP,TABLAS CEPILLADAS,"3/4""X10CM",16.875,100.0,608.4801,1673.3203
96234NAC,TABLAS CEPILLADAS,"3/4""X10CM",16.875,100.0,198.5189,545.927
96235IMP,TABLAS CEPILLADAS,"3/4""X15CM",16.875,150.0,893.397,2456.8419
96235NAC,TABLAS CEPILLADAS,"3/4""X15CM",16.875,150.0,278.992,767.228
96236IMP,TABLAS CEPILLADAS,"3/4""X20CM",16.875,200.0,1178.314,3240.3634
96236NAC,TABLAS CEPILLADAS,"3/4""X20CM",16.875,200.0,359.4651,988.529
96237IMP,TABLAS CEPILLADAS,"3/4""X25CM",16.875,250.0,1463.2309,4023.8849
96237NAC,TABLAS CEPILLADAS,"3/4""X25CM",16.875,250.0,439.9381,1209.8299
96238IMP,TABLAS CEPILLADAS,"3/4""X30CM",16.875,300.0,1748.1478,4807.4065
96238NAC,TABLAS CEPILLADAS,"3/4""X30CM",16.875,300.0,520.4112,1431.1309
96249IMP,TABLAS CEPILLADAS,"1""X10CM",22.5,100.0,798.4247,2195.668
96249NAC,TABLAS CEPILLADAS,"1""X10CM",22.5,100.0,252.1676,693.461
96240IMP,TABLAS CEPILLADAS,"1""X15CM",22.5,150.0,1178.314,3240.3634
96240NAC,TABLAS CEPILLADAS,"1""X15CM",22.5,150.0,359.4651,988.529
96241IMP,TABLAS CEPILLADAS,"1""X20CM",22.5,200.0,1558.2032,4285.0588
96241NAC,TABLAS CEPILLADAS,"1""X20CM",22.5,200.0,466.7625,1283.5969
96242IMP,TABLAS CEPILLADAS,"1""X25CM",22.5,250.0,1938.0924,5329.7542
96242NAC,TABLAS CEPILLADAS,"1""X25CM",22.5,250.0,574.0599,1578.6648
96243IMP,TABLAS CEPILLADAS,"1""X30CM",22.5,300.0,2317.9817,6374.4496
96243NAC,TABLAS CEPILLADAS,"1""X30CM",22.5,300.0,681.3574,1873.7328
96334IMP,TABLAS CEPILLADAS,"1 1/2""X10CM",33.75,100.0,1178.314,3240.3634
96334NAC,TABLAS CEPILLADAS,"1 1/2""X10CM",33.75,100.0,359.4651,988.529
96335IMP,TABLAS CEPILLADAS,"1 1/2""X15CM",33.75,150.0,1748.1478,4807.4065
96335NAC,TABLAS CEPILLADAS,"1 1/2""X15CM",33.75,150.0,520.4112,1431.1309
96336IMP,TABLAS CEPILLADAS,"1 1/2""X20CM",33.75,200.0,2317.9817,6374.4496
96336NAC,TABLAS CEPILLADAS,"1 1/2""X20CM",33.75,200.0,681.3574,1873.7328
96337IMP,TABLAS CEPILLADAS,"1 1/2""X25CM",33.75,250.0,2887.8155,7941.4926
96237NAC,TABLAS CEPILLADAS,"1 1/2""X25CM",33.75,250.0,439.9381,1209.8299
96338IMP,TABLAS CEPILLADAS,"1 1/2""X30CM",33.75,300.0,3457.6493,9508.5357
96338NAC,TABLAS CEPILLADAS,"1 1/2""X30CM",33.75,300.0,1003.2497,2758.9366
96249IMP,TABLAS CEPILLADAS,"2""X10CM",45.0,100.0,798.4247,2195.668
96249NAC,TABLAS CEPILLADAS,"2""X10CM",45.0,100.0,252.1676,693.461
96250IMP,TABLAS CEPILLADAS,"2""X15CM",45.0,150.0,2317.9817,6374.4496
96250NAC,TABLAS CEPILLADAS,"2""X15CM",45.0,150.0,681.3574,1873.7328
96251IMP,TABLAS CEPILLADAS,"2""X20CM",45.0,200.0,3077.7601,8463.8403
96251NAC,TABLAS CEPILLADAS,"2""X20CM",45.0,200.0,895.9523,2463.8687
96252IMP,TABLAS CEPILLADAS,"2""X25CM",45.0,250.0,3837.5386,10553.2311
96252NAC,TABLAS CEPILLADAS,"2""X25CM",45.0,250.0,1110.5471,3054.0046
96253IMP,TABLAS CEPILLADAS,"2""X30CM",45.0,300.0,4597.317,12642.6219
96253NAC,TABLAS CEPILLADAS,"2""X30CM",45.0,300.0,1325.142,3644.1405
